<?xml version="1.0" encoding="ISO-8859-1" ?>

<!--

     license.xml

     Copyright (c) 2018 CoreMedia AG, CoreMedia Corporation. All rights reserved.

     If you have any further inquiries please contact the CoreMedia support.
	 E-Mail: support@coremedia.com
	 Fon: 0049-40-32-55-87-777

-->

<!DOCTYPE LicenseConfiguration [

        <!ELEMENT LicenseConfiguration ( Server, Property*, Valid?, License*) >

<!ELEMENT Server EMPTY>
<!ATTLIST Server type (production|publication|live) #REQUIRED>

<!ELEMENT Property EMPTY>
<!ATTLIST Property name  NMTOKEN #REQUIRED
value NMTOKEN #REQUIRED>

<!ELEMENT Valid EMPTY>
<!ATTLIST Valid from    CDATA #IMPLIED
until   CDATA #IMPLIED
grace   CDATA #IMPLIED
host    CDATA #IMPLIED
ip      CDATA #IMPLIED
release CDATA #IMPLIED>

<!ELEMENT License EMPTY>
<!ATTLIST License service          NMTOKEN #REQUIRED
concurrent-users NMTOKEN #REQUIRED
named-users      NMTOKEN #IMPLIED
multiplicity     NMTOKEN #IMPLIED>
]>

<LicenseConfiguration>
    <Server type="publication"/>

        <Property name="id" value="a0V2p00000p1Z1AEAU"/>
        <Property name="licensed-to" value="Farfetch UK Limited"/>
        <Property name="bundle-type" value="DEV"/>
        <Property name="long-term-support" value="disabled"/>
        <Property name="workflow" value="enabled"/>
        <Property name="elastic-social" value="disabled"/>
        <Property name="analytics" value="disabled"/>
        <Property name="advanced-analytics" value="disabled"/>
        <Property name="personalization" value="disabled"/>
        <Property name="sse" value="disabled"/>
        <Property name="japanese-language-plugin" value="disabled"/>
        <Property name="livecontext-asset-management" value="disabled"/>
        <Property name="asset-management" value="disabled"/>
        <Property name="livecontext" value="enabled"/>
        <Property name="brand-blueprint" value="enabled"/>
    
    <Valid  from="24.03.2020" until="24.09.2020" grace="08.10.2020"  release="1907"/>

        <License service="analytics" concurrent-users="1000" named-users="1000" multiplicity="1000"/>
        <License service="replicator" concurrent-users="1000" named-users="1000" multiplicity="1000"/>
        <License service="workflow" concurrent-users="50" named-users="1000" multiplicity="1000"/>
        <License service="webserver" concurrent-users="1000" named-users="1000" multiplicity="1000"/>
        <License service="publisher" concurrent-users="50" named-users="1000" multiplicity="1000"/>
        <License service="studio" concurrent-users="50" named-users="1000" multiplicity="10"/>
        <License service="system" concurrent-users="1000" named-users="1000" multiplicity="1000"/>
        <License service="feeder" concurrent-users="1000" named-users="1000" multiplicity="1000"/>
        <License service="editor" concurrent-users="50" named-users="1000" multiplicity="1000"/>
        <License service="filesystem" concurrent-users="1000" named-users="1000" multiplicity="1000"/>
        <License service="debug" concurrent-users="1000" named-users="1000" multiplicity="1000"/>
        <License service="dotnetappbridge" concurrent-users="0" named-users="0" multiplicity="0"/>
        <License service="importer" concurrent-users="1000" named-users="1000" multiplicity="1000"/>
        <License service="dashboard" concurrent-users="1000" named-users="1000" multiplicity="1000"/>
    </LicenseConfiguration>
